,FF,,,
,DESCRIPCION,TALLE,CANT,COSTO
20/4,RS600,36,1,$159.000
21/4,RSK,32-35,1,$120.540
23/4,RS600,38,1,$159.000
25/4,RSJ BLUE,36-39,1,$159.000
27/4,RX6D,42,1,$137.800
28/4,RS600,38,1,$159.000
28/4,RS600,40,1,$159.000
30/4,RS600,40,1,$159.000
30/4,RS600,42,1,$159.000
28/4,RS600,38,1,$159.000
2/5,RSJ BLUE,36-39,1,$159.000
2/5,RS600,38,1,$159.000
,,,,
3/5,RX6D,36,1,$137.800
4/5,RX6D,38,1,$137.800
6/5,RS600,40,1,$159.000
6/5,RS600,38,1,$159.000
7/5,RS600,38,1,$159.000
7/5,RS600,40,1,$159.000
7/5,RS600,40,1,$159.000
10/5,RS600,38,1,$159.000
10/5,RSK,28-32,1,$120.540
10/5,RSK,28-32,1,$120.540
10/5,RSK,28-32,1,$120.540
10/5,RX6D,38,1,$137.800
11/5,RS600,42,1,$159.000
11/5,RS600,44,1,$159.000
12/5,RS600,40,1,$159.000
14/5,RX6D,40,1,$137.800
14/5,RSJ BLUE,36-39,1,$159.000
14/5,RX6D,38,1,$137.800
14/5,RS600,36,1,$159.000
15/5,RS600,42,1,$159.000
16/5,RSJ BLUE,36-39,0,$0
16/5,RX6D,38,1,$137.800
19/5,RX6D,38,1,$137.800
19/5,RX6D,40,1,$137.800
21/5,RSJ ROSA,32-35,1,$159.000
21/5,RX6D,36,1,$137.800
21/5,RS600,38,1,$159.000
21/5,RX6D,44,1,$137.800
21/5,RSJ ROSA,36-39,0,$0
22/5,RSJ ROSA,32-35,1,$159.000
22/5,RX6D,40,1,$137.800
23/5,RX6D,40,1,$137.800
23/5,RX6D,38,1,$137.800
23//5,RX6D,40,1,$137.800
23/5,RX6D,38,1,$137.800
25/5,RSJ BLUE,39,1,$159.000
28/5,RSJ BLUE,32,1,$159.000
28/5,RSJ ROSA,32-35,1,$159.000
31/5,RX6D,44,1,$137.800
31/5,RSJ BLUE,32,1,$159.000
1/6,RX6D,38,1,$137.800
3/6,RS600,42,1,$159.000
5/6,RX6D,40,1,$137.800
6/6,RSJ ROSA,32-35,1,$159.000
6/6,RX6D,38,1,$137.800
6/6,RX6D,38,1,$137.800
7/6,RX6D,42,1,$137.800
9/6,RX6D,40,1,$137.800
12/6,RSJ ROSA,36-39,1,$159.000
13/6,RX6D,40,1,$137.800
14/6,RX6D,42,1,$137.800
14/6,RX6D,38,1,$137.800
15/6,RX6D,38,1,$137.800
15/6,RX6D,38,1,$137.800
18/6,RX6D,40,1,$137.800
19/6,RX6D,42,1,$137.800
20/6,RX6D,38,1,$137.800
20/6,RX6D,38,1,$137.800
20/6,RX6D,38,1,$137.800
20/6,RS600,44,1,$159.000
24/6,RX6D,42,1,$137.800
27/6,RX6D,38,1,$137.800
27/6,RX6D,40,1,$137.800
27/6,RX6D,40,1,$137.800
27/6,RX6D,36,1,$137.800
27/6,RX6D,40,1,$137.800
27/6,RX6D,36,1,$137.800
27/6,RX6D,42,1,$137.800
27/6,RSJ BLUE,32,1,$159.000
27/6,RX6D,40,1,$137.800
27/6,RX6D,40,1,$137.800
27/6,RS600,36,1,$159.000
27/6,RX6D,42,1,$137.800
27/6,RX6D,44,1,$137.800
27/6,RSJ VIOLETA,36-39,1,$159.000
27/6,RX6D,40,1,$137.800
27/6,RX6D,40,1,$137.800
27/6,RX6D,40,1,$137.800
27/6,RX6D,40,1,$137.800
27/6,RX6D,40,1,$137.800
27/6,RS600,36,1,$159.000
27/6,RX6D,42,1,$137.800
27/6,RX6D,42,1,$137.800
27/6,RX6D,40,1,$137.800
27/6,RX6D,40,1,$137.800
27/6,RSK,S,1,$120.540
27/6,RSJ VIOLETA,L,1,$159.000
27/6,RX6D,42,1,$137.800
27/6,RSK,32-35,1,$120.540
27/6,RSK,32-35,1,$120.540
27/6,RSK,M,1,$120.540
27/6,RS600,44,1,$159.000
27/6,RX6D,44,1,$137.800
27/6,RX6D,40,1,$137.800
27/6,RX6D,44,1,$137.800
27/6,RSJ ROSA,32-35,1,$159.000
27/6,RS600,36,1,$159.000
27/6,RS600,36,1,$159.000
27/6,RX6D,44,1,$137.800
,RX6D,36,1, $165.650
,RSJ ROSA,32-35,1, $189.000
,RSJ ROSA,32-35,1, $189.000
,RX6D,36,1, $165.650
,RS600,36,1, $176.310
,RSK,32-35,1, $133.250
,RSJ VIOLETA,36-39,1, $189.000
,RX6D,36,1, $165.650
,RS600,40,1, $176.310
,RSJ VIOLETA,36-39,1, $189.000
,RSJ BLUE,36-39,1,$159.000
,RX6D,38,1,$137.800
,RX6D,42,1,$137.800
,RS600,40,1,$159.000
,RSJ MORA,36-39,1,$159.000
,RS600,38,1,$159.000
,RS600,38,1,$159.000
,RS600,42,1,$159.000
,RX6D,38,1,$137.800
,RS600,40,1,$159.000
,RSJ BLUE,36-39,1,$159.000
,RX6D,36,1,$137.800
,RX6D,38,1,$137.800
,RX6D,44,1,$137.800
,RX6D,38,1,$137.800
,RSJ ROSA,36-39,1,$159.000
,RS600,40,1,$159.000
,RX6D,42,1,$137.800
,RSK,M,1,$120.540
ANTO,RS600,40,1,$159.000
RAMA,RS600,40,1,$159.000
ANA,RX6D,38,1,$137.800
GUILLE,RX6D,42,1,$137.800
,RS600,42,1,$159.000
,RX6D,36,1,$137.800
,RS600,36,1,$159.000
VALEN,RS600,38,1,$0
FRUTI,RS600,40,1,$0
CHOY,RS600,38,1,$0
KAREN,RS600,38,1,$0
YINE,RSJ ROSA,36-39,1,$0
SORTEO,RSJ BLUE,36,1,$0
MARTU,RX6D,38,1,$0
MELLI NICO,RX6D,40,1,$0
,,,153,$21.373.680