,SKU,MODELO,COLOR,TALLE,COSTO,,MAYORISTA CHINA,M + IVA ,,,P.P ,P.P + IVA 3/6,,
,,,,,,FF ,,,MAYORISTA BA,M + IVA ,,,CHINA,BA
,RS600B36/37,RS600,B,36/37, $  130.600 , $  176.310 , $  195.900 ," $  237.039,00 ", $  212.552 , $  257.187 , $  382.593 , $  462.937 ,95,80
,RS600B38/39,RS600,B,38/39, $  130.600 , $  176.310 , $  195.900 ," $  237.039,00 ", $  212.552 , $  257.187 , $  382.593 , $  462.937 ,95,80
,RS600B40/41,RS600,B,40/41, $  130.600 , $  176.310 , $  195.900 ," $  237.039,00 ", $  212.552 , $  257.187 , $  382.593 , $  462.937 ,95,80
,RS600B42/43,RS600,B,42/43, $  130.600 , $  176.310 , $  195.900 ," $  237.039,00 ", $  212.552 , $  257.187 , $  382.593 , $  462.937 ,95,80
,RS600B44/45,RS600,B,44/45, $  130.600 , $  176.310 , $  195.900 ," $  237.039,00 ", $  212.552 , $  257.187 , $  382.593 , $  462.937 ,95,80
,RX6DN36/37,RX6D,N,36/37, $  130.500 , $  169.650 , $  182.700 ," $  221.067,00 ", $  198.230 , $  239.858 , $  356.813 , $  431.744 ,95,80
,RX6DN38/39,RX6D,N,38/39, $  130.500 , $  169.650 , $  182.700 ," $  221.067,00 ", $  198.230 , $  239.858 , $  356.813 , $  431.744 ,95,80
,RX6DN40/41,RX6D,N,40/41, $  130.500 , $  169.650 , $  182.700 ," $  221.067,00 ", $  198.230 , $  239.858 , $  356.813 , $  431.744 ,95,80
,RX6DN42/43,RX6D,N,42/43, $  130.500 , $  169.650 , $  182.700 ," $  221.067,00 ", $  198.230 , $  239.858 , $  356.813 , $  431.744 ,95,80
,RX6DN44/45,RX6D,N,44/45, $  130.500 , $  169.650 , $  182.700 ," $  221.067,00 ", $  198.230 , $  239.858 , $  356.813 , $  431.744 ,95,80
,RX6DB36/37,RX6D,B,36/37, $  130.500 , $  169.650 , $  182.700 ," $  221.067,00 ", $  198.230 , $  239.858 , $  356.813 , $  431.744 ,95,80
,RX6DB38/39,RX6D,B,38/39, $  130.500 , $  169.650 , $  182.700 ," $  221.067,00 ", $  198.230 , $  239.858 , $  356.813 , $  431.744 ,95,80
,RX6DB40/41,RX6D,B,40/41, $  130.500 , $  169.650 , $  182.700 ," $  221.067,00 ", $  198.230 , $  239.858 , $  356.813 , $  431.744 ,95,80
,RX6DB42/43,RX6D,B,42/43, $  130.500 , $  169.650 , $  182.700 ," $  221.067,00 ", $  198.230 , $  239.858 , $  356.813 , $  431.744 ,95,80
,RX6DB44/45,RX6D,B,44/45, $  130.500 , $  169.650 , $  182.700 ," $  221.067,00 ", $  198.230 , $  239.858 , $  356.813 , $  431.744 ,95,80
,RSJRS,RSJ,R,S, $  157.500 , $  189.000 , $  204.750 ," $  247.747,50 ", $  222.154 , $  268.806 , $  377.661 , $  456.970 ,84,70
,RSJRM,RSJ,R,M, $  157.500 , $  189.000 , $  204.750 ," $  247.747,50 ", $  222.154 , $  268.806 , $  377.661 , $  456.970 ,84,70
,RSJRL,RSJ,R,L, $  157.500 , $  189.000 , $  204.750 ," $  247.747,50 ", $  222.154 , $  268.806 , $  377.661 , $  456.970 ,84,70
,RSJVS,RSJ,V,S, $  157.500 , $  189.000 , $  204.750 ," $  247.747,50 ", $  222.154 , $  268.806 , $  377.661 , $  456.970 ,84,70
,RSJVM,RSJ,V,M, $  157.500 , $  189.000 , $  204.750 ," $  247.747,50 ", $  222.154 , $  268.806 , $  377.661 , $  456.970 ,84,70
,RSJVL,RSJ,V,L, $  157.500 , $  189.000 , $  204.750 ," $  247.747,50 ", $  222.154 , $  268.806 , $  377.661 , $  456.970 ,84,70
,RSJAS,RSJ,A,S, $  157.500 , $  189.000 , $  204.750 ," $  247.747,50 ", $  222.154 , $  268.806 , $  377.661 , $  456.970 ,84,70
,RSJAM,RSJ,A,M, $  157.500 , $  189.000 , $  204.750 ," $  247.747,50 ", $  222.154 , $  268.806 , $  377.661 , $  456.970 ,84,70
,RSJAL,RSJ,A,L, $  157.500 , $  189.000 , $  204.750 ," $  247.747,50 ", $  222.154 , $  268.806 , $  377.661 , $  456.970 ,84,70
,RSKTS,RSK,T,S, $  102.500 , $  133.250 , $  143.500 ," $  173.635,00 ", $  155.698 , $  188.394 , $  264.686 , $  320.270 ,84,70
,RSKTM,RSK,T,M, $  102.500 , $  133.250 , $  143.500 ," $  173.635,00 ", $  155.698 , $  188.394 , $  264.686 , $  320.270 ,84,70
,RSKTL,RSK,T,L, $  102.500 , $  133.250 , $  143.500 ," $  173.635,00 ", $  155.698 , $  188.394 , $  264.686 , $  320.270 ,84,70
,MAXAS,MAX,A,S, $  71.500 , $  92.950 , $  100.100 ," $  121.121,00 ", $  108.609 , $  131.416 , $  184.634 , $  223.408 ,84,70
,MAXAM,MAX,A,M, $  71.500 , $  92.950 , $  100.100 ," $  121.121,00 ", $  108.609 , $  131.416 , $  184.634 , $  223.408 ,84,70
,MAXRS,MAX,R,S, $  71.500 , $  92.950 , $  100.100 ," $  121.121,00 ", $  108.609 , $  131.416 , $  184.634 , $  223.408 ,84,70
,MAXRM,MAX,R,M, $  71.500 , $  92.950 , $  100.100 ," $  121.121,00 ", $  108.609 , $  131.416 , $  184.634 , $  223.408 ,84,70
,MAXMS,MAX,M,S, $  71.500 , $  92.950 , $  100.100 ," $  121.121,00 ", $  108.609 , $  131.416 , $  184.634 , $  223.408 ,84,70
,MAXMM,MAX,M,M, $  71.500 , $  92.950 , $  100.100 ," $  121.121,00 ", $  108.609 , $  131.416 , $  184.634 , $  223.408 ,84,70
,RS300T38/39,RS300,T,38/39, $  114.500 , $  148.850 , $  160.300 ," $  193.963,00 ", $  173.926 , $  210.450 , $  295.673 , $  357.765 ,84,70
,RS300T40/41,RS300,T,40/41, $  114.500 , $  148.850 , $  160.300 ," $  193.963,00 ", $  173.926 , $  210.450 , $  295.673 , $  357.765 ,84,70
,RS300T42/43,RS300,T,42/43, $  114.500 , $  148.850 , $  160.300 ," $  193.963,00 ", $  173.926 , $  210.450 , $  295.673 , $  357.765 ,84,70
,RS300T44/45,RS300,T,44/45, $  114.500 , $  148.850 , $  160.300 ," $  193.963,00 ", $  173.926 , $  210.450 , $  295.673 , $  357.765 ,84,70
,M4PRON36/37,M4PRO,N,36/37, $  224.500 , $  269.400 , $  291.850 ," $  353.138,50 ", $  310.820 , $  376.093 , $  466.230 , $  564.139 ,60,50
,M4PRON38/39,M4PRO,N,38/39, $  224.500 , $  269.400 , $  291.850 ," $  353.138,50 ", $  310.820 , $  376.093 , $  466.230 , $  564.139 ,60,50
,M4PRON40/41,M4PRO,N,40/41, $  224.500 , $  269.400 , $  291.850 ," $  353.138,50 ", $  310.820 , $  376.093 , $  466.230 , $  564.139 ,60,50
,M4PRON42/43,M4PRO,N,42/43, $  224.500 , $  269.400 , $  291.850 ," $  353.138,50 ", $  310.820 , $  376.093 , $  466.230 , $  564.139 ,60,50
,M4PRON44/45,M4PRO,N,44/45, $  224.500 , $  269.400 , $  291.850 ," $  353.138,50 ", $  310.820 , $  376.093 , $  466.230 , $  564.139 ,60,50
,M4PROM36/37,M4PRO,M,36/37, $  237.000 , $  284.400 , $  308.100 ," $  372.801,00 ", $  328.127 , $  397.033 , $  492.190 , $  595.550 ,60,50
,M4PROM38/39,M4PRO,M,38/39, $  237.000 , $  284.400 , $  308.100 ," $  372.801,00 ", $  328.127 , $  397.033 , $  492.190 , $  595.550 ,60,50
,M4PROM40/41,M4PRO,M,40/41, $  237.000 , $  284.400 , $  308.100 ," $  372.801,00 ", $  328.127 , $  397.033 , $  492.190 , $  595.550 ,60,50
,M4PROM42/43,M4PRO,M,42/43, $  237.000 , $  284.400 , $  308.100 ," $  372.801,00 ", $  328.127 , $  397.033 , $  492.190 , $  595.550 ,60,50
,M4PROM44/45,M4PRO,M,44/45, $  237.000 , $  284.400 , $  308.100 ," $  372.801,00 ", $  328.127 , $  397.033 , $  492.190 , $  595.550 ,60,50
,M3G36/37,M3,G,36/37, $  238.000 , $  285.600 , $  309.400 ," $  374.374,00 ", $  329.511 , $  398.708 , $  494.267 , $  598.062 ,60,50
,M3G38/39,M3,G,38/39, $  238.000 , $  285.600 , $  309.400 ," $  374.374,00 ", $  329.511 , $  398.708 , $  494.267 , $  598.062 ,60,50
,M3G40/41,M3,G,40/41, $  238.000 , $  285.600 , $  309.400 ," $  374.374,00 ", $  329.511 , $  398.708 , $  494.267 , $  598.062 ,60,50
,M3G42/43,M3,G,42/43, $  238.000 , $  285.600 , $  309.400 ," $  374.374,00 ", $  329.511 , $  398.708 , $  494.267 , $  598.062 ,60,50
,M3G44/45,M3,G,44/45, $  238.000 , $  285.600 , $  309.400 ," $  374.374,00 ", $  329.511 , $  398.708 , $  494.267 , $  598.062 ,60,50
,RSJPRORPLUS,RSJPRO,R,PLUS, $  186.500 , $  223.800 , $  242.450 ," $  293.364,50 ", $  258.209 , $  312.433 , $  413.135 , $  499.893 ,70,60
,RSJPRORM,RSJPRO,R,M, $  186.500 , $  223.800 , $  242.450 ," $  293.364,50 ", $  258.209 , $  312.433 , $  413.135 , $  499.893 ,70,60
,RSJPRORL,RSJPRO,R,L, $  186.500 , $  223.800 , $  242.450 ," $  293.364,50 ", $  258.209 , $  312.433 , $  413.135 , $  499.893 ,70,60
,RSJPROMPLUS,RSJPRO,M,PLUS, $  186.500 , $  223.800 , $  242.450 ," $  293.364,50 ", $  258.209 , $  312.433 , $  413.135 , $  499.893 ,70,60
,RSJPROMM,RSJPRO,M,M, $  186.500 , $  223.800 , $  242.450 ," $  293.364,50 ", $  258.209 , $  312.433 , $  413.135 , $  499.893 ,70,60
,RSJPROML,RSJPRO,M,L, $  186.500 , $  223.800 , $  242.450 ," $  293.364,50 ", $  258.209 , $  312.433 , $  413.135 , $  499.893 ,70,60
,RSJPROAPLUS,RSJPRO,A,PLUS, $  186.500 , $  223.800 , $  242.450 ," $  293.364,50 ", $  258.209 , $  312.433 , $  413.135 , $  499.893 ,70,60
,RSJPROAM,RSJPRO,A,M, $  186.500 , $  223.800 , $  242.450 ," $  293.364,50 ", $  258.209 , $  312.433 , $  413.135 , $  499.893 ,70,60
,RSJPROAL,RSJPRO,A,L, $  186.500 , $  223.800 , $  242.450 ," $  293.364,50 ", $  258.209 , $  312.433 , $  413.135 , $  499.893 ,70,60
,GF500CNC36/37,GF500C,NC,36/37, $  120.000 , $  144.000 , $  156.000 ," $  188.760,00 ", $  166.140 , $  201.029 , $  249.210 , $  301.544 ,60,50
,GF500CNC38/39,GF500C,NC,38/39, $  120.000 , $  144.000 , $  156.000 ," $  188.760,00 ", $  166.140 , $  201.029 , $  249.210 , $  301.544 ,60,50
,GF500CNC40/41,GF500C,NC,40/41, $  120.000 , $  144.000 , $  156.000 ," $  188.760,00 ", $  166.140 , $  201.029 , $  249.210 , $  301.544 ,60,50
,GF500CNC42/43,GF500C,NC,42/43, $  120.000 , $  144.000 , $  156.000 ," $  188.760,00 ", $  166.140 , $  201.029 , $  249.210 , $  301.544 ,60,50
,GF500CNC44/45,GF500C,NC,44/45, $  120.000 , $  144.000 , $  156.000 ," $  188.760,00 ", $  166.140 , $  201.029 , $  249.210 , $  301.544 ,60,50
,CELIGHTNS,CELIGHT,N,S, $  27.000 , $  32.400 , $  35.100 ," $  42.471,00 ", $  37.382 , $  45.232 , $  56.072 , $  67.847 ,60,50
,CELIGHTNM,CELIGHT,N,M, $  29.000 , $  34.800 , $  37.700 ," $  45.617,00 ", $  40.151 , $  48.582 , $  60.226 , $  72.873 ,60,50
,CELIGHTNL,CELIGHT,N,L, $  27.000 , $  32.400 , $  35.100 ," $  42.471,00 ", $  37.382 , $  45.232 , $  56.072 , $  67.847 ,60,50
,CELIGHTNXL,CELIGHT,N,XL, $  27.000 , $  32.400 , $  35.100 ," $  42.471,00 ", $  37.382 , $  45.232 , $  56.072 , $  67.847 ,60,50
,PROTECCIONRSS,PROTECCION,RS,S, $  29.000 , $  34.800 , $  37.700 ," $  45.617,00 ", $  40.151 , $  48.582 , $  60.226 , $  72.873 ,60,50
,PROTECCIONRSM,PROTECCION,RS,M, $  29.000 , $  34.800 , $  37.700 ," $  45.617,00 ", $  40.151 , $  48.582 , $  60.226 , $  72.873 ,60,50
,PROTECCIONRSL,PROTECCION,RS,L, $  29.000 , $  34.800 , $  37.700 ," $  45.617,00 ", $  40.151 , $  48.582 , $  60.226 , $  72.873 ,60,50
,PROTECCIONRSXL,PROTECCION,RS,XL, $  29.000 , $  34.800 , $  37.700 ," $  45.617,00 ", $  40.151 , $  48.582 , $  60.226 , $  72.873 ,60,50
,SOPORTERS,SOPORTE,RS,, $  3.700 , $  4.440 , $  4.810 ," $  5.820,10 ", $  5.123 , $  6.198 , $  7.684 , $  9.298 ,60,50