Fecha,Tipo,Origen,Destino,Concepto de Compra,SKU, Precio Unitario,Cantidad,Cash,Método de Pago,Observaciones,
01/09,Stock,Proveedor,Sobre Ruedas,COSTO,RSKTS," $  102.500,00 ",4, $  410.000 ,Efectivo,1 en FF y 3 en SR. 5/10: Se vendió el de fly y retiro otro. Queda 1 en FF y 2 en SR,
01/09,Stock,Proveedor,Sobre Ruedas,COSTO,RSKTM," $  102.500,00 ",3, $  307.500 ,Efectivo,5/10: 1 en FF y 2 en SR,
01/09,Stock,Proveedor,Sobre Ruedas,COSTO,RSJRL," $  157.500,00 ",8, $  1.260.000 ,Efectivo,7 en FF y 1 en LP,Restar 2
01/09,Stock,Proveedor,Sobre Ruedas,COSTO,RSJAL," $  157.500,00 ",2, $  315.000 ,Efectivo,-,
01/09,Stock,Proveedor,Sobre Ruedas,COSTO,RSJVL," $  157.500,00 ",2, $  315.000 ,Efectivo,1 en FF y 1 en LP,
01/09,Stock,Proveedor,Sobre Ruedas,COSTO,RSJRM," $  157.500,00 ",2, $  315.000 ,Efectivo,2 en FF,
01/09,Stock,Proveedor,Sobre Ruedas,COSTO,RSJAM," $  157.500,00 ",1, $  157.500 ,Efectivo,1 en LP,
05/09,Venta,Sobre Ruedas,Fly Free,FF,Capital Inicial,,," $  6.537.840,00 ",Efectivo,Pago de deuda Nico en efectivo para pagar pedido nuevo de septiembre,
,Gastos,Sobre Ruedas,Sobre Ruedas,COSTO,,,,"-$  6.537.840,00 ",Efectivo,Pagamos por financiera pedido 09.2026. Se hizo con plata en efectivo de Nico de lo que debía a SR,
07/09,Venta,Sobre Ruedas,Fly Free,MAYORISTA BA,Capital Inicial,,," $  4.750.000,00 ",Pendiente de Cobro,Debe Nico en efectivo,
06/09,Venta,Sobre Ruedas,Fly Free,FF,Capital Inicial,,," $  331.250,00 ",Pendiente de Cobro,Debe Nico en efectivo (mitad de costo de 6 rollers),
09/09,Venta,Sobre Ruedas,Empresa C,MAYORISTA BA,Capital Inicial,,," $  778.000,00 ",Pendiente de Cobro,Debe Nico en efectivo por compra de Tucuman,
10/09,Venta,Sobre Ruedas,Fly Free,MAYORISTA BA,Capital Inicial,,," $  985.840,00 ",Pendiente de Cobro,Debe Nico en efectivo por DESGLOCE 2 (su planilla) DE LA PARTE QUE FUE TRASNF,
11/09,Venta,Sobre Ruedas,Neuquén,MAYORISTA CHINA,Capital Inicial,,," $  4.499.566,50 ",Mercado Pago,Venta de 20 rollers a Paula de Neuquén/Río Negro,
15/09,Venta,Sobre Ruedas,Cliente,FF,Capital Inicial,,," $  3.000.000,00 ",Mercado Pago,Pagó/Transfirió Nico desde NM,
15/09,Venta,Sobre Ruedas,Cliente,FF,Capital Inicial,,," $  3.000.000,00 ",Mercado Pago,Pagó/Transfirió Nico desde NM,
16/09,Venta,Sobre Ruedas,Cliente,FF,Capital Inicial,,," $  1.500.000,00 ",Mercado Pago,Pagó/Transfirió Nico desde NM,
18/09,Gastos,Sobre Ruedas,Sobre Ruedas,COSTO,,,,-$  49.300 ,Mercado Pago,Gastos para embalar pedidos. Papelera Scalabrini Ortiz,
17/09,Venta,Sobre Ruedas,Cliente,FF,Capital Inicial,,," $  600.000,00 ",Mercado Pago,Pagó/Transfirió Nico desde PISAPPCO SRL,
17/09,Venta,Sobre Ruedas,Cliente,FF,Capital Inicial,,," $  500.000,00 ",Mercado Pago,Pagó/Transfirió Nico desde FLY,
17/09,Venta,Sobre Ruedas,Cliente,FF,Capital Inicial,,," $  500.000,00 ",Mercado Pago,Pagó/Transfirió Nico desde FLY,
04/10,Stock,Sobre Ruedas,Sobre Ruedas,FF,RSKTS,,-2, $  -   ,,,
04/10,Venta,Sobre Ruedas,Fly Free,FF,RSKTS," $  133.250,00 ",2," $  266.500,00 ",Pendiente de Cobro,Debe nico por venta,
04/10,Stock,Sobre Ruedas,Sobre Ruedas,FF,RSJRL,,-1, $  -   ,,,
04/10,Venta,Sobre Ruedas,Fly Free,FF,RSJRL," $  189.000,00 ",1," $  189.000,00 ",Pendiente de Cobro,Debe nico por venta,
04/10,Stock,Sobre Ruedas,Sobre Ruedas,FF,RSJRM,,-2, $  -   ,,,
04/10,Venta,Sobre Ruedas,Fly Free,FF,RSJRM," $  189.000,00 ",2," $  378.000,00 ",Pendiente de Cobro,Debe nico por venta,
,,,,,,,,,,,
17/09,Compra,Proveedor,Sobre Ruedas,COSTO,RS300T38/39," $  114.500,00 ",4,-$  458.000 ,Pendiente de Pago,,
17/09,Compra,Proveedor,Sobre Ruedas,COSTO,RS300T40/41," $  114.500,00 ",4,-$  458.000 ,Pendiente de Pago,,
17/09,Compra,Proveedor,Sobre Ruedas,COSTO,RS300T42/43," $  114.500,00 ",4,-$  458.000 ,Pendiente de Pago,,
17/09,Compra,Proveedor,Sobre Ruedas,COSTO,M4PROM36/37," $  237.000,00 ",5,-$  1.185.000 ,Pendiente de Pago,,
17/09,Compra,Proveedor,Sobre Ruedas,COSTO,M4PROM38/39," $  237.000,00 ",5,-$  1.185.000 ,Pendiente de Pago,,
17/09,Compra,Proveedor,Sobre Ruedas,COSTO,M4PROM40/41," $  237.000,00 ",5,-$  1.185.000 ,Pendiente de Pago,,
17/09,Compra,Proveedor,Sobre Ruedas,COSTO,M4PROM42/43," $  237.000,00 ",5,-$  1.185.000 ,Pendiente de Pago,,
17/09,Compra,Proveedor,Sobre Ruedas,COSTO,M4PRON36/37," $  224.500,00 ",5,-$  1.122.500 ,Pendiente de Pago,,
17/09,Compra,Proveedor,Sobre Ruedas,COSTO,M4PRON38/39," $  224.500,00 ",4,-$  898.000 ,Pendiente de Pago,,
17/09,Compra,Proveedor,Sobre Ruedas,COSTO,M4PRON40/41," $  224.500,00 ",4,-$  898.000 ,Pendiente de Pago,,
17/09,Compra,Proveedor,Sobre Ruedas,COSTO,M4PRON42/43," $  224.500,00 ",3,-$  673.500 ,Pendiente de Pago,,
17/09,Compra,Proveedor,Sobre Ruedas,COSTO,M4PRON44/45," $  224.500,00 ",5,-$  1.122.500 ,Pendiente de Pago,,
17/09,Compra,Proveedor,Sobre Ruedas,COSTO,RS600B36/37," $  130.600,00 ",4,-$  522.400 ,Pendiente de Pago,,
17/09,Compra,Proveedor,Sobre Ruedas,COSTO,RS600B38/39," $  130.600,00 ",11,-$  1.436.600 ,Pendiente de Pago,,
17/09,Compra,Proveedor,Sobre Ruedas,COSTO,RS600B40/41," $  130.600,00 ",8,-$  1.044.800 ,Pendiente de Pago,,
17/09,Compra,Proveedor,Sobre Ruedas,COSTO,RS600B42/43," $  130.600,00 ",4,-$  522.400 ,Pendiente de Pago,,
17/09,Compra,Proveedor,Sobre Ruedas,COSTO,RS600B44/45," $  130.600,00 ",4,-$  522.400 ,Pendiente de Pago,,
17/09,Compra,Proveedor,Sobre Ruedas,COSTO,RX6DB40/41," $  130.500,00 ",4,-$  522.000 ,Pendiente de Pago,,
17/09,Compra,Proveedor,Sobre Ruedas,COSTO,GF500CNC40/41," $  120.000,00 ",8,-$  960.000 ,Pendiente de Pago,,
17/09,Compra,Proveedor,Sobre Ruedas,COSTO,GF500CNC42/43," $  120.000,00 ",4,-$  480.000 ,Pendiente de Pago,,
17/09,Compra,Proveedor,Sobre Ruedas,COSTO,CELIGHTNM," $  27.000,00 ",1,-$  27.000 ,Pendiente de Pago,,
17/09,Compra,Proveedor,Sobre Ruedas,COSTO,CELIGHTNL," $  27.000,00 ",2,-$  54.000 ,Pendiente de Pago,,
17/09,Compra,Proveedor,Sobre Ruedas,COSTO,PROTECCIONRSM," $  29.000,00 ",1,-$  29.000 ,Pendiente de Pago,,
17/09,Compra,Proveedor,Sobre Ruedas,COSTO,PROTECCIONRSXL," $  29.000,00 ",1,-$  29.000 ,Pendiente de Pago,,
17/09,Compra,Proveedor,Sobre Ruedas,COSTO,SOPORTERS," $  3.700,00 ",10,-$  37.000 ,Pendiente de Pago,,
,,,,,,,,,,,
29/09,Gastos,Sobre Ruedas,Sobre Ruedas,COSTO,," $  -  ,00 ",,-$  120.000 ,Mercado Pago,Contador: Excel y primeros pasos,
29/09,Gastos,Sobre Ruedas,Sobre Ruedas,COSTO,," $  -  ,00 ",,-$  70.000 ,Mercado Pago,Contador: Pago mes octubre,
,Gastos,Sobre Ruedas,Sobre Ruedas,COSTO,,,,,Pendiente de Pago,Monotributo: Pago del mes de octubre,